,FID,COMPANY_NAME,ADDRESS,CITY,STATE,ZIPCODE,LATITUDE,LONGITUDE,NAICS2,NAICS CODE,Industry Description,INDU_EMP,SERV_EMP,COMM_EMP,ESTEMP,TOTALPOP,HOUSEHOLDS,MALE,FEMALE,%Male,%FEMALE,WHITE,BLACK,AMERI_ES,ASIAN,HAWN_PI,OTHER,MULT_RACE,HISPANIC,WHITE_NH,%WHITE,%BLACK,%INDIAN,%ASIAN,PCT_HAWN,%OTHER,%MULTI,%HISP,AVERAGE_HOUSEHOLD_SIZE,AGE_BELOW_18,AGE_18_40,AGE_40_65,AGE_65+,AGE_MEDIAN,TRAN_TOTAL,TRAN_CAR,TRAN_MOTO,TRAN_BIKE,TRAN_PUB,TRAN_WALK,TRAN_OTHER,TRAN_HOME,CURRENTLY_STUDENT,CURRENTLY_NOT_STUDENT,LESS_$10K,I10K_14K,I15K_19K,I20K_24K,I25K_29K,I30K_34K,I35K_39K,I40K_44K,I45K_49K,I50K_59K,I60K_74K,I75K_99K,I100K_124K,I125K_149K,I150K_199K,I200KMORE,MEDIAN_HOUSEHOLD_INCOME,%_BACHELOR_DEGREE,%POVERTY
14,14,St Patrick Interparish School,550 NE 16th Ave,GAINESVILLE,FL,32601,29.667398,-82.319288,611110,61111007,Elementary & Secondary Schools,0,60.0,0,60,853,437,424,429,50%,50%,794,58,0,1,0,0,0,41,753,93.08323564,6.79953107,0.0,0.11723329,0.0,0.0,0.0,4.80656506,1.92,64,297,294,396,43,435,282,0,0,0,0,0,153,64,779,40,58,50,10,41,13,40,0,18,72,56,7,24,8,0,0,35903,46.07268464,27.19812427
18,18,Sweetwater Branch Academy,1000 NE 16th Ave # C,GAINESVILLE,FL,32601,29.667291,-82.313402,611110,61111010,Elementary & Secondary Schools,0,16.0,0,16,853,437,424,429,50%,50%,794,58,0,1,0,0,0,41,753,93.08323564,6.79953107,0.0,0.11723329,0.0,0.0,0.0,4.80656506,1.92,64,297,294,396,43,435,282,0,0,0,0,0,153,64,779,40,58,50,10,41,13,40,0,18,72,56,7,24,8,0,0,35903,46.07268464,27.19812427
177,177,First Presbyterian Preschool,106 SW 3rd St,GAINESVILLE,FL,32601,29.651039,-82.327958,611110,61111004,Elementary & Secondary Schools,0,18.0,0,18,2010,855,1060,950,53%,47%,1398,451,0,15,0,39,107,124,1313,69.55223881,22.43781095,0.0,0.74626866,0.0,1.94029851,5.32338308,6.16915423,2.26,240,1162,522,172,26,862,554,0,121,60,55,0,72,830,1170,235,104,29,74,72,24,17,50,0,115,17,33,14,0,14,57,22734,7.06467662,38.3
635,635,FRIENDS MRNING MEADOW PRE SCH,503 NE 9TH ST,GAINESVILLE,FL,32601,29.655874,-82.314447,611110,61111007,ELEMENTARY & SECONDARY SCHOOLS,0,15.0,0,15,1329,509,540,789,41%,59%,904,425,0,0,0,0,0,144,760,68.02106847,31.97893153,0.0,0.0,0.0,0.0,0.0,10.83521445,2.61,428,536,282,166,27,522,421,0,40,35,14,0,12,529,666,69,71,11,74,44,33,61,25,16,54,15,14,22,0,0,0,28705,16.77953348,41.0082769
652,652,Loga Springs Intl Academy,931 NE 16th Ave,GAINESVILLE,FL,32601,29.666501,-82.312729,611110,61111007,Elementary & Secondary Schools,0,3.0,0,3,711,437,297,414,42%,58%,617,68,0,0,0,0,26,28,589,86.77918425,9.56399437,0.0,0.0,0.0,0.0,3.65682138,3.93811533,1.63,48,245,319,198,46,403,331,0,72,0,0,0,0,111,600,0,21,0,51,84,29,14,28,11,55,15,65,13,17,19,15,41741,17.72151899,2.39099859
709,709,J J Finley Elementary School,1912 NW 5th Ave,GAINESVILLE,FL,32603,29.656738,-82.35052900000001,611110,61111007,Elementary & Secondary Schools,0,66.0,0,66,1918,612,963,955,50%,50%,1808,39,0,28,0,43,0,152,1695,94.26485923,2.03336809,0.0,1.45985401,0.0,2.24191867,0.0,7.92492179,3.09,125,1528,206,118,22,940,696,0,83,0,43,0,118,1291,614,216,0,40,15,39,0,0,45,10,0,85,29,70,9,23,31,29630,6.56934307,53.43189018
742,742,Coalition for School Readiness,1204 NW 13th St,GAINESVILLE,FL,32601,29.664005,-82.339501,611110,61111007,Elementary & Secondary Schools,0,15.0,0,15,740,325,266,474,36%,64%,726,0,0,0,0,0,14,13,713,98.10810811,0.0,0.0,0.0,0.0,0.0,1.89189189,1.75675676,2.28,130,202,214,388,46,431,418,0,0,0,13,0,0,277,451,0,0,0,45,0,48,0,0,29,16,28,30,58,14,24,33,71771,8.91891892,18.51351351
973,973,Westwood Middle School,3215 NW 15th Ave,GAINESVILLE,FL,32605,29.664091,-82.371418,611110,61111007,Elementary & Secondary Schools,0,93.0,0,93,602,239,321,281,53%,47%,602,0,0,0,0,0,0,54,548,100.0,0.0,0.0,0.0,0.0,0.0,0.0,8.97009967,2.52,128,171,192,222,41,275,219,6,11,0,12,0,27,162,411,17,12,0,0,0,0,0,0,11,19,31,24,28,0,43,54,105859,17.77408638,9.80066445
1137,1137,DESOTO HIGH SCHOOL INC,4209 NW 75TH ST,GAINESVILLE,FL,32606,29.692587,-82.4219,611110,61111007,ELEMENTARY & SECONDARY SCHOOLS,0,15.0,0,15,4273,1656,2181,2092,51%,49%,3052,313,0,812,0,18,78,263,2822,71.42522818,7.32506436,0.0,19.00304236,0.0,0.42124971,1.8254153999999998,6.15492628,2.57,676,1479,1453,1330,40,2122,1994,0,0,24,0,0,104,1487,2708,156,128,32,40,171,64,47,38,0,149,55,201,76,92,148,259,60288,15.328808800000003,11.70138076
1153,1153,B'Nai Israel,3830 NW 16th Blvd,GAINESVILLE,FL,32605,29.671583000000002,-82.381124,611110,61111007,Elementary & Secondary Schools,0,20.0,0,20,1345,763,510,835,38%,62%,1177,29,9,92,0,0,38,35,1142,87.50929368,2.15613383,0.66914498,6.840148700000001,0.0,0.0,2.82527881,2.60223048,1.76,130,180,620,830,56,683,582,0,31,0,0,0,70,227,1118,55,52,24,9,50,42,0,24,12,150,40,116,34,32,35,88,52467,20.66914498,7.28624535
2480,2480,Persimmon Early Learning Acad,1121 NW 6th St,GAINESVILLE,FL,32601,29.662681,-82.329982,611110,61111007,Elementary & Secondary Schools,0,15.0,0,15,1846,859,688,1158,37%,63%,1235,447,0,46,0,17,101,120,1146,66.90140845,24.21451788,0.0,2.49187432,0.0,0.92091008,5.47128927,6.50054171,2.11,296,970,408,344,28,809,446,0,252,17,76,0,18,821,991,258,106,135,65,10,45,40,54,46,10,42,26,0,0,22,0,18515,6.17551463,49.89094875
2715,2715,Florida High School Athlectic,1801 NW 80th Blvd,GAINESVILLE,FL,32606,29.670367,-82.429789,611110,61111007,Elementary & Secondary Schools,0,23.0,0,23,3807,1445,1893,1914,50%,50%,2337,719,0,586,0,45,120,261,2135,61.38691883,18.88626215,0.0,15.39269766,0.0,1.1820331,3.15208826,6.85579196,2.63,1021,1363,1010,826,32,1771,1645,0,64,62,0,0,0,1089,2557,128,0,14,23,0,68,214,52,143,267,114,200,111,85,26,0,52793,18.83372734,5.38481744
2718,2718,Fort Clarke Middle School,9301 NW 23rd Ave,GAINESVILLE,FL,32606,29.672158000000003,-82.441357,611110,61111007,Elementary & Secondary Schools,0,100.0,0,100,3807,1445,1893,1914,50%,50%,2337,719,0,586,0,45,120,261,2135,61.38691883,18.88626215,0.0,15.39269766,0.0,1.1820331,3.15208826,6.85579196,2.63,1021,1363,1010,826,32,1771,1645,0,64,62,0,0,0,1089,2557,128,0,14,23,0,68,214,52,143,267,114,200,111,85,26,0,52793,18.83372734,5.38481744
2725,2725,Hidden Oak Elementary School,2100 Fort Clarke Blvd,GAINESVILLE,FL,32606,29.672867,-82.439285,611110,61111007,Elementary & Secondary Schools,0,82.0,0,82,3807,1445,1893,1914,50%,50%,2337,719,0,586,0,45,120,261,2135,61.38691883,18.88626215,0.0,15.39269766,0.0,1.1820331,3.15208826,6.85579196,2.63,1021,1363,1010,826,32,1771,1645,0,64,62,0,0,0,1089,2557,128,0,14,23,0,68,214,52,143,267,114,200,111,85,26,0,52793,18.83372734,5.38481744
2862,2862,St Francis Catholic High Schl,4100 NW 115th Ter,GAINESVILLE,FL,32606,29.693032000000002,-82.466066,611110,61111007,Elementary & Secondary Schools,0,27.0,0,27,1445,468,691,754,48%,52%,1282,20,27,50,0,0,66,0,1282,88.71972318,1.38408304,1.86851211,3.46020761,0.0,0.0,4.56747405,0.0,3.09,531,157,567,380,41,525,474,0,0,0,0,0,51,564,859,0,29,0,0,0,0,101,0,0,0,20,181,58,36,27,16,81774,17.92387543,0.0
2871,2871,Trilogy School,8700 NW 23rd Ave,GAINESVILLE,FL,32606,29.675117999999998,-82.435148,611110,61111007,Elementary & Secondary Schools,0,12.0,0,12,1445,468,691,754,48%,52%,1282,20,27,50,0,0,66,0,1282,88.71972318,1.38408304,1.86851211,3.46020761,0.0,0.0,4.56747405,0.0,3.09,531,157,567,380,41,525,474,0,0,0,0,0,51,564,859,0,29,0,0,0,0,101,0,0,0,20,181,58,36,27,16,81774,17.92387543,0.0
2991,2991,Blue Wave After School Program,1080 SW 11th St,GAINESVILLE,FL,32601,29.641083000000002,-82.335473,611110,61111007,Elementary & Secondary Schools,0,15.0,0,15,2105,1026,1141,964,54%,46%,1533,278,0,227,21,9,37,243,1299,72.82660333,13.20665083,0.0,10.78384798,0.9976246999999999,0.42755344,1.75771971,11.54394299,1.83,47,1610,368,160,26,897,498,10,109,132,96,13,39,1169,936,345,72,59,39,90,38,62,34,76,67,64,54,2,0,0,24,22372,9.21615202,49.07260201
3008,3008,P K Yonge Developmental School,1080 SW 11th St,GAINESVILLE,FL,32601,29.641083000000002,-82.335473,611110,61111007,Elementary & Secondary Schools,0,40.0,0,40,2105,1026,1141,964,54%,46%,1533,278,0,227,21,9,37,243,1299,72.82660333,13.20665083,0.0,10.78384798,0.9976246999999999,0.42755344,1.75771971,11.54394299,1.83,47,1610,368,160,26,897,498,10,109,132,96,13,39,1169,936,345,72,59,39,90,38,62,34,76,67,64,54,2,0,0,24,22372,9.21615202,49.07260201
3096,3096,Cornerstone Academy,3401 NW 34th St,GAINESVILLE,FL,32605,29.683959,-82.371643,611110,61111007,Elementary & Secondary Schools,0,40.0,0,40,1799,702,933,866,52%,48%,1611,42,15,67,0,0,64,131,1498,89.54974986,2.33463035,0.83379655,3.72429127,0.0,0.0,3.55753196,7.28182324,2.56,304,479,566,900,47,804,676,0,17,0,0,34,77,451,1302,19,14,14,39,10,0,48,0,26,27,86,64,92,92,61,110,100400,16.39799889,3.6131184000000003
3159,3159,Gainesville 7th Day Adventist,2115 NW 39th Ave,GAINESVILLE,FL,32605,29.687915000000004,-82.352373,611110,61111004,Elementary & Secondary Schools,0,3.0,0,3,1834,902,805,1029,44%,56%,1411,259,18,116,0,20,10,67,1344,76.93565976,14.122137400000002,0.98146129,6.32497274,0.0,1.09051254,0.54525627,3.65321701,2.03,204,800,598,464,33,1238,1132,0,33,18,0,11,44,552,1260,80,12,106,15,51,64,0,41,84,135,36,71,73,31,20,83,49921,19.19302072,19.62922574
3161,3161,Glen Springs Elementary School,2826 NW 31st Ave,GAINESVILLE,FL,32605,29.682716,-82.364906,611110,61111007,Elementary & Secondary Schools,0,60.0,0,60,1834,902,805,1029,44%,56%,1411,259,18,116,0,20,10,67,1344,76.93565976,14.122137400000002,0.98146129,6.32497274,0.0,1.09051254,0.54525627,3.65321701,2.03,204,800,598,464,33,1238,1132,0,33,18,0,11,44,552,1260,80,12,106,15,51,64,0,41,84,135,36,71,73,31,20,83,49921,19.19302072,19.62922574
3200,3200,A Child's Dream,4127 NW 34th St,GAINESVILLE,FL,32605,29.691682,-82.371672,611110,61111007,Elementary & Secondary Schools,0,14.0,0,14,724,318,357,367,49%,51%,394,294,0,19,0,0,17,84,361,54.419889500000004,40.60773481,0.0,2.62430939,0.0,0.0,2.3480662999999997,11.60220994,2.28,83,233,204,408,51,455,403,0,0,52,0,0,0,157,552,0,0,0,33,62,0,52,0,15,15,30,47,64,0,0,0,49500,9.116022099999999,0.0
3273,3273,Norton Elementary School,2200 NW 45th Ave,GAINESVILLE,FL,32605,29.697277000000003,-82.354551,611110,61111007,Elementary & Secondary Schools,0,85.0,0,85,1805,615,1097,708,61%,39%,1429,34,89,34,0,120,99,395,1132,79.16897507,1.88365651,4.93074792,1.88365651,0.0,6.64819945,5.48476454,21.88365651,2.93,333,699,640,266,33,1105,960,0,0,34,0,11,100,295,1438,11,0,0,0,20,35,17,0,13,69,147,151,21,103,23,5,71696,17.00831025,3.76731302
3449,3449,ALACHUA CNTY COAL SCH READNESS,4035 NW 43RD ST,GAINESVILLE,FL,32606,29.689976,-82.38754899999999,611110,61111007,ELEMENTARY & SECONDARY SCHOOLS,0,15.0,0,15,2804,1146,1314,1490,47%,53%,2039,210,4,512,0,17,22,347,1709,72.71754636,7.489300999999999,0.14265335,18.2596291,0.0,0.60627675,0.78459344,12.37517832,2.45,579,837,946,884,40,1416,1272,0,26,14,0,86,18,730,2010,56,31,37,65,49,114,25,75,60,85,33,185,162,52,85,32,57500,14.87161198,15.47788873
3580,3580,F W Buchholz High School,5510 NW 27th Ave,GAINESVILLE,FL,32606,29.678548,-82.401964,611110,61111007,Elementary & Secondary Schools,0,185.0,0,185,2245,898,1183,1062,53%,47%,1558,348,0,110,0,76,153,291,1459,69.3986637,15.50111359,0.0,4.89977728,0.0,3.38530067,6.81514477,12.96213808,2.47,403,746,850,492,40,1061,1022,25,0,3,0,0,11,684,1485,21,0,18,0,81,140,63,56,19,150,100,100,45,59,6,40,54063,17.19376392,2.93986637
3820,3820,Brentwood School,1111 NW 55th St,GAINESVILLE,FL,32605,29.662740000000003,-82.401074,611110,61111007,Elementary & Secondary Schools,0,35.0,0,35,1791,629,853,938,48%,52%,1447,139,6,180,0,0,19,0,1447,80.79285315,7.76102736,0.33500838,10.05025126,0.0,0.0,1.06085985,0.0,2.85,305,535,493,916,44,1063,957,0,0,0,30,16,60,505,1249,23,0,15,0,0,46,25,16,29,15,18,89,96,157,71,29,104554,25.90731435,2.56839754
4059,4059,A Quinn Jones School,1108 NW 7th Ave,GAINESVILLE,FL,32601,29.657984999999996,-82.336109,611110,61111007,Elementary & Secondary Schools,0,64.0,0,64,1270,344,937,333,74%,26%,1079,63,0,21,0,0,107,137,976,84.96062992,4.96062992,0.0,1.65354331,0.0,0.0,8.42519685,10.78740157,3.69,7,1178,72,26,22,487,223,0,63,0,40,0,161,1097,173,117,78,54,13,0,0,82,0,0,0,0,0,0,0,0,0,13850,0.0,74.96062992
4132,4132,Anchor Center School,312 NW 16th Ave,GAINESVILLE,FL,32601,29.667023999999998,-82.32737900000001,611110,61111007,Elementary & Secondary Schools,0,120.0,0,120,1555,836,829,726,53%,47%,882,599,19,24,0,0,31,26,882,56.72025723,38.52090032,1.22186495,1.54340836,0.0,0.0,1.99356913,1.67202572,1.86,262,711,482,200,28,822,678,15,87,12,18,0,12,488,1052,171,104,89,40,86,57,17,15,35,128,15,34,31,14,0,0,25700,13.63344051,34.01929260000001
4153,4153,Sidney Lanier Schools,312 NW 16th Ave,GAINESVILLE,FL,32601,29.667023999999998,-82.32737900000001,611110,61111007,Elementary & Secondary Schools,0,100.0,0,100,1555,836,829,726,53%,47%,882,599,19,24,0,0,31,26,882,56.72025723,38.52090032,1.22186495,1.54340836,0.0,0.0,1.99356913,1.67202572,1.86,262,711,482,200,28,822,678,15,87,12,18,0,12,488,1052,171,104,89,40,86,57,17,15,35,128,15,34,31,14,0,0,25700,13.63344051,34.01929260000001
4485,4485,Littlewood Elementary School,812 NW 34th St,GAINESVILLE,FL,32605,29.66047,-82.374051,611110,61111007,Elementary & Secondary Schools,0,85.0,0,85,1971,863,986,985,50%,50%,1704,142,7,63,0,55,0,65,1704,86.45357686,7.20446474,0.35514967,3.19634703,0.0,2.79046169,0.0,3.29781837,2.28,273,603,643,904,46,944,650,39,104,34,0,13,104,498,1417,87,11,0,45,15,38,0,15,100,74,155,111,76,72,25,39,67431,19.12734652,6.3419584
4670,4670,Millhopper Montessori School,8505 NW 39th Ave,GAINESVILLE,FL,32606,29.688076000000002,-82.433983,611110,61111007,Elementary & Secondary Schools,0,34.0,0,34,4107,1718,2333,1774,57%,43%,2580,1158,0,141,0,52,176,337,2402,62.81957633,28.19576333,0.0,3.43316289,0.0,1.266131,4.28536645,8.2055028,2.37,556,1731,880,1880,31,1655,1447,12,23,92,38,0,43,1686,2406,342,37,183,125,181,49,215,17,13,64,171,145,85,28,57,6,28125,13.44046749,36.71779888
4956,4956,Alachua County Public Schools,620 E University Ave,GAINESVILLE,FL,32601,29.652633,-82.318983,611110,61111007,Elementary & Secondary Schools,0,100.0,0,100,479,309,246,233,51%,49%,456,0,0,0,0,0,23,62,394,95.19832985,0.0,0.0,0.0,0.0,0.0,4.80167015,12.94363257,1.55,16,251,198,28,34,358,114,0,108,53,29,0,54,179,300,59,13,0,35,0,40,0,0,0,41,33,25,28,0,12,23,50457,16.49269311,17.95407098
4973,4973,Schools Public Teaching,620 E University Ave,GAINESVILLE,FL,32601,29.652633,-82.318983,611110,61111007,Elementary & Secondary Schools,0,15.0,0,15,479,309,246,233,51%,49%,456,0,0,0,0,0,23,62,394,95.19832985,0.0,0.0,0.0,0.0,0.0,4.80167015,12.94363257,1.55,16,251,198,28,34,358,114,0,108,53,29,0,54,179,300,59,13,0,35,0,40,0,0,0,41,33,25,28,0,12,23,50457,16.49269311,17.95407098
5158,5158,Metcalfe Elementary School,1205 NE 18th Ave,GAINESVILLE,FL,32609,29.668206,-82.309983,611110,61111007,Elementary & Secondary Schools,0,115.0,0,115,965,415,398,567,41%,59%,349,616,0,0,0,0,0,137,212,36.16580311,63.83419689,0.0,0.0,0.0,0.0,0.0,14.19689119,2.33,58,296,555,112,45,658,581,0,0,54,0,0,23,182,783,38,40,0,10,96,12,0,0,36,25,68,0,90,0,0,0,45799,23.73056995,11.70984456
5172,5172,Alachua County Public Schools,3501 NE 12th St,GAINESVILLE,FL,32609,29.684787,-82.310389,611110,61111007,Elementary & Secondary Schools,0,10.0,0,10,3012,677,1370,1642,45%,55%,395,2202,0,11,0,0,404,39,395,13.11420983,73.10756972,0.0,0.36520584,0.0,0.0,13.41301461,1.29482072,4.44,1255,801,824,264,24,896,782,0,70,0,31,0,13,869,1859,16,39,41,77,12,45,106,7,0,180,56,63,0,23,0,12,43393,2.68924303,16.33466135
5192,5192,Head Start Schools Public,3600 NE 15th St,GAINESVILLE,FL,32609,29.68686,-82.305838,611110,61111007,Elementary & Secondary Schools,0,25.0,0,25,3012,677,1370,1642,45%,55%,395,2202,0,11,0,0,404,39,395,13.11420983,73.10756972,0.0,0.36520584,0.0,0.0,13.41301461,1.29482072,4.44,1255,801,824,264,24,896,782,0,70,0,31,0,13,869,1859,16,39,41,77,12,45,106,7,0,180,56,63,0,23,0,12,43393,2.68924303,16.33466135
5198,5198,Marjorie K Rawlings Elementary,3500 NE 15th St,GAINESVILLE,FL,32609,29.684421999999998,-82.309184,611110,61111007,Elementary & Secondary Schools,0,70.0,0,70,3012,677,1370,1642,45%,55%,395,2202,0,11,0,0,404,39,395,13.11420983,73.10756972,0.0,0.36520584,0.0,0.0,13.41301461,1.29482072,4.44,1255,801,824,264,24,896,782,0,70,0,31,0,13,869,1859,16,39,41,77,12,45,106,7,0,180,56,63,0,23,0,12,43393,2.68924303,16.33466135
5232,5232,Hoggetowne Middle School Inc,1717 NE 9th St # A,GAINESVILLE,FL,32609,29.668207000000002,-82.314743,611110,61111007,Elementary & Secondary Schools,0,16.0,0,16,853,437,424,429,50%,50%,794,58,0,1,0,0,0,41,753,93.08323564,6.79953107,0.0,0.11723329,0.0,0.0,0.0,4.80656506,1.92,64,297,294,396,43,435,282,0,0,0,0,0,153,64,779,40,58,50,10,41,13,40,0,18,72,56,7,24,8,0,0,35903,46.07268464,27.19812427
5233,5233,Howard W Bishop Middle School,1901 NE 9th St,GAINESVILLE,FL,32609,29.668926000000003,-82.312782,611110,61111007,Elementary & Secondary Schools,0,130.0,0,130,853,437,424,429,50%,50%,794,58,0,1,0,0,0,41,753,93.08323564,6.79953107,0.0,0.11723329,0.0,0.0,0.0,4.80656506,1.92,64,297,294,396,43,435,282,0,0,0,0,0,153,64,779,40,58,50,10,41,13,40,0,18,72,56,7,24,8,0,0,35903,46.07268464,27.19812427
5366,5366,Campus Church of Christ,2720 SW 2nd Ave,GAINESVILLE,FL,32607,29.651156,-82.362873,611110,61111004,Elementary & Secondary Schools,0,6.0,0,6,1297,389,675,622,52%,48%,1297,0,0,0,0,0,0,33,1264,100.0,0.0,0.0,0.0,0.0,0.0,0.0,2.54433308,3.33,86,931,212,136,22,537,337,0,152,19,0,0,29,860,415,46,33,36,35,45,17,12,0,0,0,9,87,37,0,8,24,29821,7.86430224,60.83269082
5442,5442,Gainesville High School,1900 NW 13th St,GAINESVILLE,FL,32609,29.668793,-82.34055699999999,611110,61111007,Elementary & Secondary Schools,0,190.0,0,190,1809,835,915,894,51%,49%,1707,26,0,49,0,0,27,124,1598,94.3615257,1.43725815,0.0,2.70867883,0.0,0.0,1.49253731,6.85461581,2.17,265,692,352,1000,38,897,664,13,119,0,36,0,65,472,1314,47,29,16,59,9,24,0,62,25,55,95,152,102,28,75,57,72375,20.50856827,4.47761194
5496,5496,Siatech,5301 NE 40th Ter,GAINESVILLE,FL,32609,29.704038,-82.26942700000001,611110,61111007,Elementary & Secondary Schools,0,12.0,0,12,1733,213,868,865,50%,50%,870,816,0,11,0,19,17,77,846,50.20196192,47.08597807,0.0,0.63473745,0.0,1.09636469,0.98095788,4.44316215,2.42,297,460,655,642,45,217,129,0,9,22,7,0,50,247,1398,81,10,21,21,17,30,10,0,6,7,10,0,0,0,0,0,16845,0.0,87.24966622
5672,5672,Instructional Media,3700 NE 53rd Ave,GAINESVILLE,FL,32609,29.704202000000002,-82.277986,611110,61111007,Elementary & Secondary Schools,0,4.0,0,4,645,275,233,412,36%,64%,595,50,0,0,0,0,0,0,595,92.24806202,7.75193798,0.0,0.0,0.0,0.0,0.0,0.0,2.35,61,175,312,194,47,335,335,0,0,0,0,0,0,79,549,19,15,0,33,23,33,10,0,0,37,52,36,17,0,0,0,54375,10.23255814,10.3875969
5914,5914,Stephen Foster Elementary Schl,3800 NW 6th St,GAINESVILLE,FL,32609,29.687757,-82.331964,611110,61111007,Elementary & Secondary Schools,0,75.0,0,75,1380,590,603,777,44%,56%,979,234,0,57,0,32,78,258,826,70.94202899,16.95652174,0.0,4.13043478,0.0,2.31884058,5.65217391,18.69565217,2.34,281,445,522,264,39,714,630,0,0,19,33,0,32,382,948,47,30,88,8,45,26,78,0,22,25,54,45,61,32,29,0,38962,13.76811594,23.39939024
6073,6073,Medical Academy,3519 SW 86th St,GAINESVILLE,FL,32608,29.622009000000002,-82.433131,611110,61111007,Elementary & Secondary Schools,0,15.0,0,15,2022,809,986,1036,49%,51%,1786,128,42,17,0,0,49,13,1773,88.32838773,6.33036597,2.07715134,0.84075173,0.0,0.0,2.42334322,0.64292779,2.5,596,239,780,814,49,845,682,0,0,0,0,0,163,497,1379,0,66,18,0,16,42,0,49,74,68,26,44,160,25,9,212,102566,28.33827893,0.59347181
6213,6213,Southeastern National Tb Ctr,1329 SW 16th St,GAINESVILLE,FL,32608,29.637137,-82.34235799999999,611110,61111007,Elementary & Secondary Schools,0,50.0,0,50,1207,599,581,626,48%,52%,669,352,0,153,0,0,33,46,623,55.42667771,29.16321458,0.0,12.67605634,0.0,0.0,2.73405137,3.81110191,1.69,125,612,249,442,33,559,195,19,51,132,157,0,5,397,804,96,62,24,76,19,45,8,46,3,94,83,38,5,0,0,0,31815,9.94200497,26.65350444
6391,6391,Expressions Learning Arts,5408 SW 13th St,GAINESVILLE,FL,32608,29.602894,-82.34188,611110,61111007,Elementary & Secondary Schools,0,8.0,0,8,2175,867,1144,1031,53%,47%,1984,145,8,26,0,0,12,254,1756,91.2183908,6.66666667,0.36781609,1.1954023,0.0,0.0,0.55172414,11.67816092,2.37,227,661,534,1506,51,842,688,0,47,62,0,0,45,573,1583,81,42,70,38,23,29,10,42,18,45,80,134,75,84,41,55,68750,15.54022989,27.78574845
6411,6411,Hoda Academy,5220 SW 13th St,GAINESVILLE,FL,32608,29.604713,-82.343228,611110,61111007,Elementary & Secondary Schools,0,17.0,0,17,2175,867,1144,1031,53%,47%,1984,145,8,26,0,0,12,254,1756,91.2183908,6.66666667,0.36781609,1.1954023,0.0,0.0,0.55172414,11.67816092,2.37,227,661,534,1506,51,842,688,0,47,62,0,0,45,573,1583,81,42,70,38,23,29,10,42,18,45,80,134,75,84,41,55,68750,15.54022989,27.78574845
6416,6416,Idylwild Elementary School,4601 SW 20th Ter,GAINESVILLE,FL,32608,29.609944,-82.347791,611110,61111007,Elementary & Secondary Schools,0,90.0,0,90,2175,867,1144,1031,53%,47%,1984,145,8,26,0,0,12,254,1756,91.2183908,6.66666667,0.36781609,1.1954023,0.0,0.0,0.55172414,11.67816092,2.37,227,661,534,1506,51,842,688,0,47,62,0,0,45,573,1583,81,42,70,38,23,29,10,42,18,45,80,134,75,84,41,55,68750,15.54022989,27.78574845
6554,6554,ALACHUA COUNTY PUBLIC SCHOOLS,4601 SW 20TH TER,GAINESVILLE,FL,32608,29.609944,-82.347791,611110,61111007,ELEMENTARY & SECONDARY SCHOOLS,0,15.0,0,15,2175,867,1144,1031,53%,47%,1984,145,8,26,0,0,12,254,1756,91.2183908,6.66666667,0.36781609,1.1954023,0.0,0.0,0.55172414,11.67816092,2.37,227,661,534,1506,51,842,688,0,47,62,0,0,45,573,1583,81,42,70,38,23,29,10,42,18,45,80,134,75,84,41,55,68750,15.54022989,27.78574845
6673,6673,Hilda Tucker Insurance School,4040 W Newberry Rd # 950a,GAINESVILLE,FL,32607,29.654799,-82.386229,611110,61111007,Elementary & Secondary Schools,0,2.0,0,2,1606,504,973,633,61%,39%,1191,336,0,13,16,0,50,99,1158,74.15940224,20.92154421,0.0,0.80946451,0.99626401,0.0,3.11332503,6.16438356,3.18,164,984,341,234,24,992,727,152,36,14,28,5,30,859,715,50,26,81,32,60,7,5,56,6,22,59,60,28,9,0,3,31071,9.6513076,47.75840598
7112,7112,Christian Life Academy,12000 SW Archer Rd,GAINESVILLE,FL,32608,29.571245,-82.471214,611110,61111004,Elementary & Secondary Schools,0,5.0,0,5,2344,799,977,1367,42%,58%,2193,0,0,121,0,0,30,309,1884,93.55802048,0.0,0.0,5.16211604,0.0,0.0,1.27986348,13.18259386,2.93,619,462,849,828,42,924,897,0,14,0,0,0,13,769,1566,15,11,0,12,16,37,0,28,35,71,43,101,61,121,138,110,109013,14.76109215,2.85836177
7245,7245,Einstein Montessori School,5910 SW Archer Rd,GAINESVILLE,FL,32608,29.607233,-82.40630999999999,611110,61111007,Elementary & Secondary Schools,0,30.0,0,30,1952,857,969,983,50%,50%,1368,416,0,94,0,23,51,122,1296,70.08196721,21.31147541,0.0,4.81557377,0.0,1.17827869,2.61270492,6.25,2.28,394,934,430,388,28,986,864,38,0,0,51,10,23,479,1362,65,44,46,144,26,111,51,100,7,94,60,38,31,0,40,0,34330,19.979508199999998,14.49795082
7265,7265,EINSTEIN'S MONTESSORI SCHOOL,5930 SW ARCHER RD,GAINESVILLE,FL,32608,29.607033,-82.406818,611110,61111007,ELEMENTARY & SECONDARY SCHOOLS,0,15.0,0,15,1952,857,969,983,50%,50%,1368,416,0,94,0,23,51,122,1296,70.08196721,21.31147541,0.0,4.81557377,0.0,1.17827869,2.61270492,6.25,2.28,394,934,430,388,28,986,864,38,0,0,51,10,23,479,1362,65,44,46,144,26,111,51,100,7,94,60,38,31,0,40,0,34330,19.979508199999998,14.49795082
7314,7314,Kanapaha Middle School,5005 SW 75th St,GAINESVILLE,FL,32608,29.606663,-82.420603,611110,61111007,Elementary & Secondary Schools,0,75.0,0,75,3176,1396,1239,1937,39%,61%,2032,986,17,81,0,0,60,528,1504,63.97984887,31.04534005,0.53526448,2.55037783,0.0,0.0,1.88916877,16.62468514,2.21,967,1206,749,508,30,1516,1350,29,0,98,31,0,8,847,2098,171,142,106,57,68,66,170,85,162,59,111,116,21,14,12,36,38423,7.80856423,27.45033113
7317,7317,Kimball Wiles Elementary Schl,4601 SW 75th St,GAINESVILLE,FL,32608,29.611331,-82.420333,611110,61111007,Elementary & Secondary Schools,0,95.0,0,95,3176,1396,1239,1937,39%,61%,2032,986,17,81,0,0,60,528,1504,63.97984887,31.04534005,0.53526448,2.55037783,0.0,0.0,1.88916877,16.62468514,2.21,967,1206,749,508,30,1516,1350,29,0,98,31,0,8,847,2098,171,142,106,57,68,66,170,85,162,59,111,116,21,14,12,36,38423,7.80856423,27.45033113
7395,7395,Gainesville Country Day School,6801 SW 24th Ave,GAINESVILLE,FL,32607,29.632179999999998,-82.415134,611110,61111007,Elementary & Secondary Schools,0,50.0,0,50,373,106,170,203,46%,54%,66,101,0,139,0,0,67,17,49,17.69436997,27.07774799,0.0,37.26541555,0.0,0.0,17.96246649,4.55764075,3.52,71,198,104,0,36,218,218,0,0,0,0,0,0,103,270,0,0,0,0,0,0,11,26,0,13,0,0,17,0,32,7,120441,15.01340483,0.0
7646,7646,One Room School,4180 NE 15th St,GAINESVILLE,FL,32609,29.689814000000002,-82.306813,611110,61111007,Elementary & Secondary Schools,0,15.0,0,15,1456,716,724,732,50%,50%,422,894,6,84,0,0,50,39,422,28.98351648,61.401098899999994,0.41208791,5.76923077,0.0,0.0,3.43406593,2.67857143,2.03,450,437,431,276,32,646,561,0,37,7,0,5,36,399,986,118,87,31,56,55,29,41,108,26,65,37,22,41,0,0,0,31833,8.104395599999998,22.87087912
7647,7647,One Room School House,3930 NE 15th St,GAINESVILLE,FL,32609,29.688956,-82.30671,611110,61111007,Elementary & Secondary Schools,0,14.0,0,14,1456,716,724,732,50%,50%,422,894,6,84,0,0,50,39,422,28.98351648,61.401098899999994,0.41208791,5.76923077,0.0,0.0,3.43406593,2.67857143,2.03,450,437,431,276,32,646,561,0,37,7,0,5,36,399,986,118,87,31,56,55,29,41,108,26,65,37,22,41,0,0,0,31833,8.104395599999998,22.87087912
7755,7755,Gainesville Country Day School,2304 SW 75th St,GAINESVILLE,FL,32607,29.631421999999997,-82.423018,611110,61111007,Elementary & Secondary Schools,0,10.0,0,10,2618,867,1254,1364,48%,52%,2020,175,0,262,0,33,128,331,1722,77.15813598,6.68449198,0.0,10.00763942,0.0,1.2605042,4.88922842,12.64323911,3.02,704,512,1133,538,42,1361,1219,20,0,18,12,24,68,807,1709,9,18,0,0,25,20,23,0,6,78,111,53,126,99,136,163,120125,19.13674561,1.14810563
7766,7766,Oak Hall School,8009 SW 14th Ave,GAINESVILLE,FL,32607,29.639635,-82.426836,611110,61111007,Elementary & Secondary Schools,0,50.0,0,50,2618,867,1254,1364,48%,52%,2020,175,0,262,0,33,128,331,1722,77.15813598,6.68449198,0.0,10.00763942,0.0,1.2605042,4.88922842,12.64323911,3.02,704,512,1133,538,42,1361,1219,20,0,18,12,24,68,807,1709,9,18,0,0,25,20,23,0,6,78,111,53,126,99,136,163,120125,19.13674561,1.14810563
7831,7831,Queen of Peace Catholic Acad,10900 SW 24th Ave,GAINESVILLE,FL,32607,29.632058,-82.458784,611110,61111007,Elementary & Secondary Schools,0,60.0,0,60,1491,507,645,846,43%,57%,1419,0,7,32,23,0,10,70,1349,95.17102616,0.0,0.46948357,2.1462106,1.54258887,0.0,0.67069081,4.69483568,2.94,371,306,628,372,44,753,696,0,0,5,5,0,47,389,1074,22,6,0,0,6,6,11,21,5,26,35,53,45,27,94,150,134375,19.45003353,5.23138833
7965,7965,Lawton M Chiles Elementary,2525 School House Rd,GAINESVILLE,FL,32608,29.629043,-82.444548,611110,61111007,Elementary & Secondary Schools,0,90.0,0,90,2957,1519,1306,1651,44%,56%,2603,46,0,205,0,27,76,278,2378,88.02840717,1.55563071,0.0,6.93270206,0.0,0.91308759,2.57017247,9.40142036,1.95,467,686,1065,1478,49,1300,1185,0,0,23,0,0,92,539,2320,44,39,0,35,30,38,31,150,111,131,134,201,190,74,151,160,75737,18.02502536,4.97125465
9641,9641,Myra Terwilliger Elementary,301 NW 62nd St,GAINESVILLE,FL,32607,29.655029,-82.407699,611110,61111007,Elementary & Secondary Schools,0,94.0,0,94,2453,1145,937,1516,38%,62%,1995,212,0,184,0,6,56,472,1529,81.32898492,8.642478599999999,0.0,7.50101916,0.0,0.24459845,2.28291887,19.2417448,2.04,50,1714,411,556,25,1372,1245,0,0,47,49,0,31,1359,1071,338,24,84,0,62,12,74,30,198,84,103,76,15,13,23,9,37152,18.14105177,40.06849315
9863,9863,CHARTER SCHOOL FLORIDA,3746 SW 2ND PL,GAINESVILLE,FL,32607,29.650271000000004,-82.380313,611110,61111007,ELEMENTARY & SECONDARY SCHOOLS,0,15.0,0,15,664,337,291,373,44%,56%,604,0,0,32,0,0,28,0,604,90.96385542,0.0,0.0,4.81927711,0.0,0.0,4.21686747,0.0,1.97,46,115,373,260,53,323,239,0,51,20,0,0,13,93,571,52,0,0,0,12,32,36,23,0,74,21,34,38,15,0,0,51985,19.42771084,12.65060241
10103,10103,Charles W Duval Elementary,2106 NE 8th Ave,GAINESVILLE,FL,32641,29.660632,-82.297546,611110,61111007,Elementary & Secondary Schools,0,65.0,0,65,1215,386,462,753,38%,62%,86,1085,0,22,0,0,22,41,67,7.0781893,89.30041152,0.0,1.81069959,0.0,0.0,1.81069959,3.3744856,3.15,294,327,362,464,36,347,267,0,0,50,6,0,24,325,824,94,25,0,82,13,0,18,17,13,25,28,49,8,14,0,0,24429,3.78600823,29.46502058
10169,10169,Our Day School,4000 NW 53rd Ave,GAINESVILLE,FL,32653,29.706038,-82.383259,611110,61111007,Elementary & Secondary Schools,0,14.0,0,14,2547,960,1382,1165,54%,46%,2141,160,0,186,0,0,60,174,1983,84.05967805,6.28190027,0.0,7.30270907,0.0,0.0,2.3557126,6.83156655,2.65,710,551,1007,558,42,1209,1093,27,0,0,11,0,78,785,1650,0,29,53,17,27,70,65,56,11,104,37,161,112,78,72,68,76310,18.25677267,3.72987829
10178,10178,William S Talbot Elementary,5701 NW 43rd St,GAINESVILLE,FL,32653,29.707445,-82.387163,611110,61111007,Elementary & Secondary Schools,0,101.0,0,101,2547,960,1382,1165,54%,46%,2141,160,0,186,0,0,60,174,1983,84.05967805,6.28190027,0.0,7.30270907,0.0,0.0,2.3557126,6.83156655,2.65,710,551,1007,558,42,1209,1093,27,0,0,11,0,78,785,1650,0,29,53,17,27,70,65,56,11,104,37,161,112,78,72,68,76310,18.25677267,3.72987829
10571,10571,Caring & Sharing Learning Schl,PO Box 5936,GAINESVILLE,FL,32627,29.633971000000003,-82.315301,611110,61111007,Elementary & Secondary Schools,0,23.0,0,23,1422,357,653,769,46%,54%,187,1235,0,0,0,0,0,0,187,13.15049226,86.84950774,0.0,0.0,0.0,0.0,0.0,0.0,3.98,416,249,543,428,42,392,283,0,0,70,0,0,39,354,1030,13,10,34,12,25,73,16,44,0,39,12,28,25,0,0,26,39297,3.44585091,20.81575246
10572,10572,Abraham Lincoln Middle School,1001 SE 12th St,GAINESVILLE,FL,32641,29.643364000000002,-82.310642,611110,61111007,Elementary & Secondary Schools,0,125.0,0,125,1422,357,653,769,46%,54%,187,1235,0,0,0,0,0,0,187,13.15049226,86.84950774,0.0,0.0,0.0,0.0,0.0,0.0,3.98,416,249,543,428,42,392,283,0,0,70,0,0,39,354,1030,13,10,34,12,25,73,16,44,0,39,12,28,25,0,0,26,39297,3.44585091,20.81575246
10583,10583,Joseph Williams Elementary,1245 SE 7th Ave,GAINESVILLE,FL,32641,29.645571,-82.308961,611110,61111007,Elementary & Secondary Schools,0,80.0,0,80,1422,357,653,769,46%,54%,187,1235,0,0,0,0,0,0,187,13.15049226,86.84950774,0.0,0.0,0.0,0.0,0.0,0.0,3.98,416,249,543,428,42,392,283,0,0,70,0,0,39,354,1030,13,10,34,12,25,73,16,44,0,39,12,28,25,0,0,26,39297,3.44585091,20.81575246
10597,10597,OASIS ENRICHMENT ACADEMY INC,908 SE WILLISTON RD,GAINESVILLE,FL,32641,29.638109000000004,-82.314826,611110,61111007,ELEMENTARY & SECONDARY SCHOOLS,0,15.0,0,15,1422,357,653,769,46%,54%,187,1235,0,0,0,0,0,0,187,13.15049226,86.84950774,0.0,0.0,0.0,0.0,0.0,0.0,3.98,416,249,543,428,42,392,283,0,0,70,0,0,39,354,1030,13,10,34,12,25,73,16,44,0,39,12,28,25,0,0,26,39297,3.44585091,20.81575246
11076,11076,Prairie View Elementary School,1700 SE 35th Ave,GAINESVILLE,FL,32641,29.620953999999998,-82.30197700000001,611110,61111007,Elementary & Secondary Schools,0,80.0,0,80,2268,894,1123,1145,50%,50%,453,1772,0,0,0,0,43,16,453,19.97354497,78.13051146,0.0,0.0,0.0,0.0,1.89594356,0.70546737,2.52,449,730,674,830,39,701,614,0,0,49,0,0,38,289,1934,195,73,82,85,63,100,57,33,0,55,50,79,0,10,12,0,25476,8.24514991,25.97001764
11207,11207,Horizon Center,2802 NE 8th Ave,GAINESVILLE,FL,32641,29.660973,-82.284975,611110,61111007,Elementary & Secondary Schools,0,35.0,0,35,2255,802,833,1422,37%,63%,235,1896,0,13,0,0,111,0,235,10.42128603,84.07982262,0.0,0.57649667,0.0,0.0,4.92239468,0.0,2.79,766,730,545,428,28,616,493,0,0,72,11,0,29,586,1545,218,101,95,108,14,31,47,35,46,50,44,13,0,0,0,0,18917,2.66075388,46.53061224
11229,11229,Schools Public Printing,1817 E University Ave,GAINESVILLE,FL,32641,29.649918,-82.30064399999999,611110,61111007,Elementary & Secondary Schools,0,3.0,0,3,2255,802,833,1422,37%,63%,235,1896,0,13,0,0,111,0,235,10.42128603,84.07982262,0.0,0.57649667,0.0,0.0,4.92239468,0.0,2.79,766,730,545,428,28,616,493,0,0,72,11,0,29,586,1545,218,101,95,108,14,31,47,35,46,50,44,13,0,0,0,0,18917,2.66075388,46.53061224
11230,11230,Schools Public Risk Management,1725 SE 1st Ave,GAINESVILLE,FL,32641,29.650746999999996,-82.301991,611110,61111007,Elementary & Secondary Schools,0,15.0,0,15,2255,802,833,1422,37%,63%,235,1896,0,13,0,0,111,0,235,10.42128603,84.07982262,0.0,0.57649667,0.0,0.0,4.92239468,0.0,2.79,766,730,545,428,28,616,493,0,0,72,11,0,29,586,1545,218,101,95,108,14,31,47,35,46,50,44,13,0,0,0,0,18917,2.66075388,46.53061224
11231,11231,Schools Public Transportation,1800 SE Hawthorne Rd,GAINESVILLE,FL,32641,29.64923,-82.30165699999999,611110,61111007,Elementary & Secondary Schools,0,280.0,0,280,2255,802,833,1422,37%,63%,235,1896,0,13,0,0,111,0,235,10.42128603,84.07982262,0.0,0.57649667,0.0,0.0,4.92239468,0.0,2.79,766,730,545,428,28,616,493,0,0,72,11,0,29,586,1545,218,101,95,108,14,31,47,35,46,50,44,13,0,0,0,0,18917,2.66075388,46.53061224
11232,11232,Schools Public Warehouse,1800 SE Hawthorne Rd,GAINESVILLE,FL,32641,29.64923,-82.30165699999999,611110,61111007,Elementary & Secondary Schools,0,15.0,0,15,2255,802,833,1422,37%,63%,235,1896,0,13,0,0,111,0,235,10.42128603,84.07982262,0.0,0.57649667,0.0,0.0,4.92239468,0.0,2.79,766,730,545,428,28,616,493,0,0,72,11,0,29,586,1545,218,101,95,108,14,31,47,35,46,50,44,13,0,0,0,0,18917,2.66075388,46.53061224
11238,11238,W Travis Loften High School,3000 E University Ave,GAINESVILLE,FL,32641,29.655109999999997,-82.286107,611110,61111007,Elementary & Secondary Schools,0,54.0,0,54,2255,802,833,1422,37%,63%,235,1896,0,13,0,0,111,0,235,10.42128603,84.07982262,0.0,0.57649667,0.0,0.0,4.92239468,0.0,2.79,766,730,545,428,28,616,493,0,0,72,11,0,29,586,1545,218,101,95,108,14,31,47,35,46,50,44,13,0,0,0,0,18917,2.66075388,46.53061224
11261,11261,Eastside High School,1201 SE 43rd St,GAINESVILLE,FL,32641,29.639813,-82.269587,611110,61111007,Elementary & Secondary Schools,0,160.0,0,160,785,339,365,420,46%,54%,492,293,0,0,0,0,0,18,474,62.67515924,37.32484076,0.0,0.0,0.0,0.0,0.0,2.29299363,2.32,143,297,228,234,37,375,339,0,0,0,0,4,32,134,639,44,32,32,30,25,25,5,17,4,24,37,25,12,23,0,4,33150,8.15286624,34.14012739
11282,11282,Lake Forest Elementary School,4401 SE 4th Ave,GAINESVILLE,FL,32641,29.647944,-82.27119300000001,611110,61111007,Elementary & Secondary Schools,0,75.0,0,75,1525,399,849,676,56%,44%,294,1063,0,28,0,38,102,70,236,19.27868852,69.70491803,0.0,1.83606557,0.0,2.49180328,6.68852459,4.59016393,2.93,383,580,488,148,32,465,446,6,0,8,0,0,5,266,1144,59,66,8,27,12,28,31,4,18,12,45,51,38,0,0,0,34886,4.85245902,30.79555175
11284,11284,Passage Christian Academy,5121 E University Ave,GAINESVILLE,FL,32641,29.651407,-82.263423,611110,61111007,Elementary & Secondary Schools,0,14.0,0,14,1525,399,849,676,56%,44%,294,1063,0,28,0,38,102,70,236,19.27868852,69.70491803,0.0,1.83606557,0.0,2.49180328,6.68852459,4.59016393,2.93,383,580,488,148,32,465,446,6,0,8,0,0,5,266,1144,59,66,8,27,12,28,31,4,18,12,45,51,38,0,0,0,34886,4.85245902,30.79555175
11323,11323,MARTIN LUTHER KING ACADEMY INC,3930 NE 15TH ST,GAINESVILLE,FL,32609,29.688956,-82.30671,611110,61111007,ELEMENTARY & SECONDARY SCHOOLS,0,15.0,0,15,1456,716,724,732,50%,50%,422,894,6,84,0,0,50,39,422,28.98351648,61.401098899999994,0.41208791,5.76923077,0.0,0.0,3.43406593,2.67857143,2.03,450,437,431,276,32,646,561,0,37,7,0,5,36,399,986,118,87,31,56,55,29,41,108,26,65,37,22,41,0,0,0,31833,8.104395599999998,22.87087912
11579,11579,UNIVERSITY-FL DEPT-SPECIAL EDU,PO BOX 117050,GAINESVILLE,FL,32611,29.642009,-82.35047,611110,61111007,ELEMENTARY & SECONDARY SCHOOLS,0,20.0,0,20,4209,451,2211,1998,53%,47%,2937,420,18,528,0,113,193,667,2420,69.7790449,9.97861725,0.42765502,12.5445474,0.0,2.68472321,4.58541221,15.84699454,1.6,139,3977,93,0,20,928,309,16,50,271,201,0,81,3956,230,86,50,114,107,37,29,14,3,0,4,0,7,0,0,0,0,18925,2.70848182,37.08333333
